customer_id,customer_name,gender,city,signup_date
1,Aisha Malhotra,Male,Jaipur,2026-04-01
2,Riya Gupta,Male,Mumbai,2025-01-20
3,Kavya Chavan,Female,Nagpur,2025-12-02
4,Aisha Nair,Male,Pune,2024-05-26
5,Anjali Patil,Male,Pune,2026-01-12
6,Nikhil Bhosale,Male,Pune,2025-07-10
7,Sameer Malhotra,Female,Pune,2025-09-19
8,Sahil Malhotra,Female,Delhi,2025-03-12
9,Nikhil Singh,Male,Ahmedabad,2024-01-01
10,Varun Kulkarni,Male,Kolkata,2026-02-10
11,Nikhil Deshmukh,Female,Chennai,2025-05-04
12,Ananya Mishra,Male,Pune,2025-07-06
13,Sneha Iyer,Female,Ahmedabad,2025-06-09
14,Kavya Pawar,Female,Delhi,2024-03-23
15,Pooja Gupta,Female,Chennai,2024-10-29
16,Meera Mehta,Male,Chennai,2025-10-01
17,Aisha Reddy,Male,Pune,2024-11-04
18,Vikas Patil,Male,Bangalore,2026-03-20
19,Varun Pawar,Male,Jaipur,2024-10-16
20,Ayush Iyer,Male,Mumbai,2025-02-22
21,Amit Malhotra,Female,Hyderabad,2025-02-09
22,Sahil Deshmukh,Male,Jaipur,2024-01-18
23,Aisha Bhosale,Male,Delhi,2026-01-09
24,Meera Chavan,Male,Delhi,2024-05-03
25,Rohan Malhotra,Male,Delhi,2025-03-03
26,Sameer Joshi,Male,Kolkata,2026-04-07
27,Ishaan Kulkarni,Male,Delhi,2026-06-24
28,Neha Sharma,Female,Delhi,2024-07-28
29,Pooja Joshi,Female,Mumbai,2024-12-08
30,Sameer Nair,Male,Nagpur,2025-05-30
31,Vivek Jain,Female,Ahmedabad,2025-09-29
32,Ishaan Bhosale,Male,Bangalore,2024-08-15
33,Kavya Shah,Male,Jaipur,2025-05-15
34,Vivek Deshmukh,Female,Hyderabad,2026-01-30
35,Aisha Kulkarni,Female,Jaipur,2025-11-25
36,Sneha Joshi,Male,Pune,2026-03-20
37,Meera Singh,Male,Mumbai,2026-02-23
38,Rohan Kulkarni,Male,Ahmedabad,2025-04-11
39,Diya Mehta,Male,Delhi,2026-06-06
40,Pooja Nair,Female,Delhi,2025-03-26
41,Yash Gupta,Male,Chennai,2025-10-08
42,Amit Pawar,Female,Hyderabad,2026-05-08
43,Rahul Jain,Female,Mumbai,2024-02-09
44,Aisha Shah,Male,Delhi,2026-04-30
45,Sneha Pawar,Female,Delhi,2026-01-18
46,Meera Pawar,Female,Pune,2026-06-27
47,Varun Deshmukh,Male,Mumbai,2025-12-04
48,Vikas Kumar,Male,Bangalore,2024-05-22
49,Arjun Nair,Female,Chennai,2024-10-02
50,Riya Singh,Female,Delhi,2024-01-04
51,Tanvi Joshi,Male,Delhi,2025-07-07
52,Tanvi Sharma,Female,Hyderabad,2025-02-02
53,Sneha Malhotra,Female,Pune,2025-03-08
54,Sneha Nair,Female,Delhi,2025-10-30
55,Neha Jain,Male,Mumbai,2026-01-17
56,Ayush Malhotra,Male,Hyderabad,2024-03-07
57,Pooja Kulkarni,Female,Pune,2026-04-15
58,Nikhil Reddy,Male,Delhi,2024-12-06
59,Aditya Singh,Male,Bangalore,2025-11-16
60,Arjun Singh,Female,Kolkata,2025-06-13
61,Meera Nair,Male,Chennai,2025-02-08
62,Riya Kulkarni,Female,Jaipur,2024-07-12
63,Varun Reddy,Male,Hyderabad,2024-06-21
64,Pooja Reddy,Female,Mumbai,2025-10-28
65,Rahul Sharma,Male,Mumbai,2024-10-19
66,Ishaan Gupta,Female,Pune,2024-07-28
67,Zoya Mehta,Male,Mumbai,2024-01-06
68,Ayush Gupta,Male,Pune,2026-02-04
69,Zoya Chavan,Female,Delhi,2024-12-26
70,Aditya Mehta,Female,Hyderabad,2024-11-13
71,Tanvi Patil,Male,Hyderabad,2024-12-04
72,Varun Kumar,Male,Mumbai,2025-06-29
73,Vivek Kumar,Female,Bangalore,2025-03-14
74,Nikhil Malhotra,Female,Mumbai,2025-05-10
75,Zoya Nair,Male,Bangalore,2024-09-10
76,Kavya Gupta,Female,Bangalore,2024-09-27
77,Ishaan Sharma,Male,Mumbai,2026-02-25
78,Akash Patil,Female,Mumbai,2025-02-03
79,Sneha Jain,Male,Nagpur,2026-06-05
80,Vivek Verma,Male,Bangalore,2026-02-09
81,Yash Joshi,Female,Bangalore,2025-10-10
82,Neha Nair,Male,Pune,2025-05-14
83,Neha Gupta,Female,Pune,2026-02-01
84,Amit Deshmukh,Male,Mumbai,2024-02-20
85,Arjun Shah,Male,Jaipur,2025-03-30
86,Rohan Iyer,Female,Pune,2025-10-11
87,Rahul Deshmukh,Female,Mumbai,2024-04-08
88,Yash Patil,Male,Nagpur,2024-06-15
89,Ishaan Singh,Female,Delhi,2024-02-29
90,Sameer Bhosale,Male,Mumbai,2025-03-18
91,Arjun Malhotra,Female,Hyderabad,2025-05-08
92,Arjun Jain,Male,Delhi,2025-03-02
93,Sneha Gupta,Male,Jaipur,2024-02-20
94,Sameer Kumar,Male,Pune,2025-03-19
95,Aisha Patil,Female,Chennai,2026-03-20
96,Meera Mishra,Female,Mumbai,2024-01-29
97,Akash Kulkarni,Female,Kolkata,2025-12-07
98,Sahil Mehta,Male,Kolkata,2024-09-05
99,Sahil Shah,Male,Kolkata,2024-03-09
100,Tanvi Reddy,Male,Ahmedabad,2024-02-16
101,Aarav Malhotra,Female,Hyderabad,2024-01-12
102,Diya Iyer,Male,Pune,2025-01-13
103,Amit Reddy,Female,Pune,2025-03-29
104,Aisha Iyer,Male,Mumbai,2025-07-20
105,Rahul Patil,Female,Delhi,2024-03-14
106,Sameer Gupta,Male,Mumbai,2025-08-18
107,Sneha Sharma,Male,Chennai,2025-11-04
108,Ananya Kulkarni,Female,Chennai,2024-02-28
109,Ananya Shah,Female,Nagpur,2025-09-07
110,Ananya Reddy,Female,Delhi,2024-04-18
111,Zoya Reddy,Female,Chennai,2025-02-04
112,Meera Shah,Female,Chennai,2025-08-25
113,Rahul Reddy,Male,Nagpur,2026-03-04
114,Ayush Sharma,Male,Chennai,2025-04-28
115,Amit Bhosale,Female,Mumbai,2025-01-31
116,Kavya Kulkarni,Female,Pune,2026-01-29
117,Neha Malhotra,Male,Jaipur,2024-07-15
118,Aditya Patil,Male,Hyderabad,2024-07-05
119,Ayush Kulkarni,Female,Kolkata,2025-02-28
120,Tanvi Kumar,Male,Chennai,2024-04-19
121,Yash Shah,Female,Chennai,2024-01-21
122,Pooja Verma,Female,Chennai,2024-11-25
123,Varun Gupta,Male,Jaipur,2024-05-18
124,Aarav Chavan,Male,Ahmedabad,2025-08-03
125,Pooja Singh,Male,Delhi,2025-05-14
126,Diya Reddy,Male,Pune,2025-03-18
127,Diya Singh,Female,Pune,2025-03-28
128,Riya Nair,Female,Delhi,2024-03-30
129,Akash Kumar,Female,Kolkata,2025-01-01
130,Yash Malhotra,Male,Kolkata,2024-03-05
131,Zoya Mehta,Female,Delhi,2024-11-19
132,Diya Pawar,Male,Mumbai,2025-09-09
133,Anjali Bhosale,Female,Bangalore,2026-06-17
134,Riya Kumar,Male,Kolkata,2024-09-27
135,Rahul Verma,Male,Hyderabad,2024-08-28
136,Ananya Joshi,Male,Pune,2025-09-01
137,Nikhil Sharma,Male,Delhi,2026-04-16
138,Amit Chavan,Female,Bangalore,2024-09-25
139,Aisha Jain,Male,Bangalore,2026-02-02
140,Varun Chavan,Male,Kolkata,2024-10-13
141,Anjali Chavan,Female,Jaipur,2025-08-05
142,Akash Verma,Male,Pune,2024-07-10
143,Neha Shah,Male,Mumbai,2024-08-26
144,Kavya Deshmukh,Male,Delhi,2026-06-15
145,Karan Kumar,Male,Mumbai,2024-12-20
146,Aarav Mishra,Female,Delhi,2024-01-15
147,Yash Mehta,Female,Pune,2025-12-04
148,Aarav Singh,Male,Pune,2024-04-25
149,Aisha Pawar,Male,Kolkata,2024-04-10
150,Vikas Joshi,Female,Pune,2026-01-31
151,Sahil Chavan,Female,Kolkata,2024-11-13
152,Aditya Joshi,Male,Mumbai,2024-05-05
153,Ayush Shah,Female,Mumbai,2026-06-07
154,Zoya Malhotra,Male,Pune,2024-09-12
155,Diya Bhosale,Male,Pune,2025-07-30
156,Neha Verma,Female,Mumbai,2024-08-27
157,Meera Singh,Female,Kolkata,2025-06-13
158,Ananya Mehta,Male,Ahmedabad,2025-09-26
159,Ayush Singh,Female,Pune,2025-11-21
160,Aarav Nair,Female,Pune,2025-01-09
161,Zoya Singh,Female,Pune,2025-07-15
162,Ayush Verma,Female,Chennai,2026-02-04
163,Vivek Nair,Male,Mumbai,2026-02-04
164,Sameer Reddy,Female,Mumbai,2025-11-11
165,Kavya Joshi,Male,Ahmedabad,2024-12-30
166,Aisha Deshmukh,Male,Ahmedabad,2025-04-28
167,Zoya Shah,Male,Hyderabad,2026-05-31
168,Yash Mishra,Female,Pune,2024-08-14
169,Amit Iyer,Male,Delhi,2025-09-22
170,Varun Singh,Male,Mumbai,2025-12-22
171,Sahil Singh,Female,Hyderabad,2025-03-14
172,Sameer Pawar,Male,Chennai,2026-02-27
173,Varun Sharma,Male,Pune,2025-01-25
174,Ishaan Verma,Male,Ahmedabad,2026-01-31
175,Sameer Iyer,Female,Delhi,2025-08-09
176,Vivek Chavan,Male,Chennai,2024-02-17
177,Akash Deshmukh,Male,Pune,2026-01-20
178,Vivek Gupta,Male,Delhi,2025-09-27
179,Akash Nair,Female,Pune,2024-07-21
180,Yash Chavan,Female,Hyderabad,2025-10-03
181,Ayush Mehta,Male,Pune,2025-04-11
182,Zoya Jain,Female,Mumbai,2026-05-09
183,Diya Shah,Female,Chennai,2024-10-04
184,Vivek Singh,Female,Chennai,2024-08-28
185,Vivek Mishra,Male,Hyderabad,2024-02-23
186,Priya Joshi,Male,Hyderabad,2025-12-17
187,Amit Kumar,Female,Hyderabad,2026-06-16
188,Pooja Sharma,Male,Hyderabad,2025-09-19
189,Sahil Patil,Male,Mumbai,2024-12-02
190,Kavya Reddy,Male,Pune,2026-03-11
191,Nikhil Nair,Male,Delhi,2024-08-18
192,Tanvi Deshmukh,Female,Pune,2025-09-23
193,Tanvi Shah,Male,Delhi,2025-06-27
194,Zoya Verma,Female,Delhi,2026-02-15
195,Sameer Chavan,Female,Pune,2026-06-04
196,Sneha Chavan,Male,Chennai,2024-11-23
197,Vikas Mehta,Male,Hyderabad,2024-03-27
198,Anjali Mehta,Male,Bangalore,2024-05-23
199,Riya Reddy,Male,Jaipur,2025-11-04
200,Yash Gupta,Female,Mumbai,2024-11-27
201,Aarav Deshmukh,Female,Mumbai,2024-05-07
202,Kavya Mishra,Female,Pune,2026-01-12
203,Rohan Patil,Female,Bangalore,2025-08-14
204,Arjun Bhosale,Male,Mumbai,2024-04-29
205,Rahul Iyer,Female,Ahmedabad,2025-10-11
206,Rahul Malhotra,Male,Mumbai,2025-08-04
207,Sameer Singh,Male,Delhi,2026-06-16
208,Tanvi Verma,Male,Bangalore,2026-06-18
209,Diya Verma,Male,Mumbai,2026-06-07
210,Sneha Deshmukh,Female,Chennai,2026-03-26
211,Amit Gupta,Female,Hyderabad,2025-12-23
212,Rahul Mehta,Male,Chennai,2025-09-03
213,Ishaan Deshmukh,Male,Bangalore,2025-05-11
214,Meera Deshmukh,Female,Delhi,2025-12-23
215,Ananya Nair,Female,Delhi,2026-05-29
216,Arjun Kumar,Male,Hyderabad,2024-04-16
217,Sneha Mishra,Male,Delhi,2024-05-04
218,Rohan Mishra,Male,Delhi,2025-03-30
219,Meera Verma,Female,Pune,2024-09-24
220,Yash Pawar,Female,Hyderabad,2025-04-29
221,Aisha Kumar,Male,Pune,2024-10-10
222,Ananya Jain,Male,Nagpur,2025-12-14
223,Nikhil Chavan,Male,Pune,2026-03-29
224,Riya Patil,Female,Delhi,2024-09-14
225,Nikhil Mishra,Male,Mumbai,2025-12-04
226,Ananya Pawar,Female,Mumbai,2024-04-07
227,Aarav Reddy,Female,Mumbai,2025-12-26
228,Neha Kulkarni,Male,Hyderabad,2025-09-27
229,Rohan Verma,Male,Pune,2025-10-09
230,Nikhil Kulkarni,Male,Mumbai,2025-03-24
231,Arjun Reddy,Male,Pune,2024-04-07
232,Amit Mishra,Female,Mumbai,2026-02-06
233,Sahil Gupta,Female,Jaipur,2024-04-09
234,Vivek Malhotra,Male,Delhi,2025-03-14
235,Anjali Nair,Female,Chennai,2024-06-07
236,Tanvi Malhotra,Male,Delhi,2026-02-09
237,Nikhil Shah,Female,Delhi,2025-06-07
238,Diya Joshi,Female,Kolkata,2025-04-07
239,Yash Singh,Male,Pune,2024-10-16
240,Aisha Mishra,Male,Ahmedabad,2025-12-14
241,Akash Jain,Female,Delhi,2024-07-10
242,Ishaan Malhotra,Male,Mumbai,2025-10-18
243,Rahul Kulkarni,Female,Ahmedabad,2026-06-01
244,Aarav Jain,Male,Mumbai,2024-08-30
245,Varun Bhosale,Male,Nagpur,2025-09-16
246,Kavya Singh,Female,Jaipur,2024-10-08
247,Ayush Chavan,Male,Mumbai,2026-04-26
248,Vikas Iyer,Male,Mumbai,2026-03-30
249,Akash Singh,Male,Kolkata,2024-10-12
250,Neha Reddy,Male,Pune,2024-07-29
251,Aarav Nair,Male,Chennai,2024-03-16
252,Kavya Kumar,Male,Pune,2025-09-27
253,Zoya Kulkarni,Male,Mumbai,2026-04-17
254,Diya Gupta,Male,Bangalore,2024-05-12
255,Aarav Shah,Female,Chennai,2026-01-13
256,Aditya Chavan,Female,Chennai,2025-11-18
257,Rohan Kumar,Male,Bangalore,2025-03-05
258,Riya Bhosale,Female,Mumbai,2024-07-22
259,Ayush Nair,Female,Delhi,2025-08-17
260,Vivek Sharma,Female,Mumbai,2025-06-25
261,Aarav Sharma,Female,Mumbai,2026-01-09
262,Amit Patil,Male,Mumbai,2025-05-29
263,Tanvi Iyer,Male,Bangalore,2024-02-14
264,Zoya Pawar,Female,Mumbai,2024-07-04
265,Arjun Patil,Male,Pune,2024-12-12
266,Rohan Pawar,Female,Hyderabad,2025-03-23
267,Zoya Mishra,Female,Pune,2024-11-14
268,Akash Malhotra,Male,Nagpur,2026-03-11
269,Varun Nair,Male,Mumbai,2024-09-13
270,Tanvi Pawar,Female,Pune,2025-09-11
271,Meera Sharma,Male,Ahmedabad,2024-11-25
272,Pooja Iyer,Female,Bangalore,2026-06-23
273,Aisha Chavan,Female,Kolkata,2026-04-14
274,Meera Joshi,Male,Delhi,2025-12-15
275,Tanvi Jain,Male,Mumbai,2025-11-27
276,Aisha Iyer,Male,Hyderabad,2025-08-09
277,Priya Kulkarni,Female,Delhi,2025-06-18
278,Pooja Malhotra,Male,Bangalore,2025-05-28
279,Arjun Iyer,Male,Mumbai,2024-01-25
280,Vikas Reddy,Male,Mumbai,2026-05-03
281,Pooja Shah,Male,Pune,2026-06-13
282,Amit Singh,Male,Chennai,2025-04-25
283,Vivek Kulkarni,Male,Mumbai,2026-03-04
284,Yash Kumar,Female,Nagpur,2025-01-01
285,Zoya Gupta,Male,Mumbai,2024-04-12
286,Yash Reddy,Female,Delhi,2026-01-30
287,Rahul Shah,Female,Mumbai,2025-04-09
288,Priya Jain,Female,Hyderabad,2026-05-06
289,Nikhil Iyer,Female,Kolkata,2024-07-13
290,Akash Mishra,Male,Delhi,2025-03-12
291,Varun Verma,Female,Delhi,2025-08-31
292,Sameer Verma,Male,Chennai,2024-05-05
293,Nikhil Pawar,Male,Pune,2026-06-26
294,Karan Kulkarni,Female,Bangalore,2025-07-08
295,Vikas Pawar,Male,Chennai,2024-06-05
296,Sahil Joshi,Male,Mumbai,2025-11-05
297,Amit Jain,Female,Hyderabad,2026-03-11
298,Sameer Deshmukh,Male,Chennai,2024-12-06
299,Vivek Iyer,Male,Pune,2025-07-09
300,Vivek Bhosale,Male,Mumbai,2025-11-12
301,Tanvi Bhosale,Male,Delhi,2024-05-12
302,Varun Malhotra,Male,Chennai,2025-04-28
303,Aditya Gupta,Male,Bangalore,2025-05-24
304,Yash Sharma,Male,Delhi,2024-10-01
305,Sahil Kulkarni,Female,Mumbai,2024-09-30
306,Aarav Patil,Female,Pune,2025-07-27
307,Varun Iyer,Female,Pune,2025-11-15
308,Vikas Shah,Male,Mumbai,2024-12-20
309,Vivek Pawar,Female,Pune,2024-05-13
310,Diya Kulkarni,Female,Pune,2025-12-17
311,Karan Verma,Female,Bangalore,2024-06-07
312,Akash Chavan,Male,Bangalore,2024-01-03
313,Karan Shah,Male,Pune,2024-10-20
314,Karan Joshi,Male,Bangalore,2026-01-15
315,Arjun Sharma,Female,Pune,2024-10-06
316,Rahul Mishra,Male,Delhi,2025-04-18
317,Rohan Gupta,Female,Nagpur,2026-05-24
318,Sahil Bhosale,Male,Bangalore,2025-10-16
319,Nikhil Jain,Female,Pune,2025-11-22
320,Ayush Bhosale,Male,Mumbai,2024-03-20
321,Aisha Singh,Male,Hyderabad,2024-08-07
322,Kavya Bhosale,Male,Mumbai,2024-04-04
323,Akash Bhosale,Female,Jaipur,2026-06-10
324,Aarav Singh,Male,Delhi,2024-11-07
325,Vikas Bhosale,Male,Pune,2025-03-31
326,Arjun Gupta,Female,Bangalore,2025-05-17
327,Anjali Reddy,Female,Hyderabad,2025-04-21
328,Pooja Pawar,Female,Delhi,2024-02-17
329,Arjun Mishra,Female,Jaipur,2026-04-08
330,Meera Pawar,Male,Ahmedabad,2024-12-12
331,Aditya Deshmukh,Female,Pune,2026-04-16
332,Riya Malhotra,Male,Pune,2025-11-27
333,Karan Pawar,Female,Mumbai,2025-09-26
334,Karan Sharma,Female,Bangalore,2025-10-02
335,Vivek Mehta,Male,Bangalore,2026-06-10
336,Akash Iyer,Male,Mumbai,2024-10-03
337,Arjun Chavan,Female,Jaipur,2024-10-26
338,Arjun Nair,Female,Mumbai,2025-09-02
339,Rahul Nair,Female,Kolkata,2024-07-30
340,Arjun Mehta,Female,Kolkata,2026-01-02
341,Sahil Reddy,Male,Pune,2024-01-27
342,Pooja Chavan,Male,Mumbai,2026-03-28
343,Varun Joshi,Female,Mumbai,2024-11-11
344,Meera Jain,Male,Ahmedabad,2024-01-05
345,Ananya Bhosale,Female,Mumbai,2025-07-02
346,Varun Jain,Female,Kolkata,2024-09-07
347,Neha Mishra,Male,Delhi,2024-10-05
348,Anjali Kulkarni,Female,Delhi,2025-03-14
349,Yash Iyer,Female,Ahmedabad,2025-06-12
350,Nikhil Verma,Male,Delhi,2024-05-04
351,Zoya Kumar,Female,Chennai,2024-02-14
352,Ishaan Chavan,Female,Delhi,2025-02-24
353,Karan Mehta,Male,Pune,2024-11-18
354,Aarav Kumar,Male,Pune,2025-06-14
355,Varun Mehta,Male,Mumbai,2025-11-12
356,Aditya Reddy,Female,Chennai,2025-07-13
357,Yash Bhosale,Male,Delhi,2024-04-05
358,Priya Nair,Male,Delhi,2026-06-26
359,Arjun Pawar,Female,Pune,2025-10-13
360,Neha Joshi,Female,Hyderabad,2024-02-14
361,Kavya Nair,Female,Kolkata,2025-11-26
362,Yash Gupta,Female,Hyderabad,2026-03-13
363,Priya Patil,Male,Nagpur,2025-06-02
364,Sneha Shah,Male,Pune,2026-01-28
365,Riya Deshmukh,Female,Pune,2026-03-18
366,Sneha Patil,Male,Bangalore,2026-05-28
367,Vikas Nair,Male,Mumbai,2026-05-19
368,Neha Deshmukh,Female,Hyderabad,2024-06-25
369,Anjali Gupta,Male,Chennai,2024-02-01
370,Amit Sharma,Male,Pune,2025-08-16
371,Neha Pawar,Female,Ahmedabad,2025-09-10
372,Nikhil Kumar,Female,Pune,2025-06-02
373,Anjali Shah,Male,Hyderabad,2024-08-04
374,Priya Mehta,Male,Delhi,2026-05-14
375,Ishaan Mehta,Female,Hyderabad,2025-01-06
376,Sameer Shah,Female,Pune,2025-11-06
377,Arjun Mishra,Male,Jaipur,2025-07-21
378,Ananya Joshi,Male,Jaipur,2026-03-26
379,Aisha Sharma,Female,Bangalore,2025-10-10
380,Vivek Joshi,Male,Bangalore,2025-08-01
381,Sahil Iyer,Male,Hyderabad,2026-02-04
382,Neha Mehta,Male,Bangalore,2024-02-19
383,Rohan Pawar,Male,Bangalore,2025-10-04
384,Zoya Iyer,Male,Bangalore,2025-06-18
385,Riya Shah,Male,Kolkata,2025-12-09
386,Tanvi Patil,Female,Bangalore,2024-07-23
387,Sameer Shah,Male,Pune,2025-06-29
388,Sneha Singh,Male,Ahmedabad,2024-09-15
389,Rohan Nair,Male,Mumbai,2024-04-16
390,Akash Bhosale,Female,Pune,2025-06-08
391,Priya Reddy,Male,Nagpur,2024-01-20
392,Karan Singh,Male,Mumbai,2024-03-25
393,Priya Chavan,Female,Pune,2025-04-27
394,Zoya Pawar,Female,Bangalore,2026-03-29
395,Neha Singh,Female,Kolkata,2025-10-13
396,Rohan Joshi,Male,Pune,2024-01-15
397,Vikas Jain,Male,Delhi,2024-04-09
398,Riya Chavan,Male,Pune,2025-01-27
399,Rohan Chavan,Female,Delhi,2025-01-26
400,Aarav Mehta,Male,Mumbai,2024-02-06
401,Kavya Jain,Male,Pune,2024-08-21
402,Zoya Deshmukh,Male,Jaipur,2024-04-25
403,Ishaan Iyer,Female,Hyderabad,2025-05-31
404,Aarav Iyer,Male,Kolkata,2025-08-22
405,Priya Mishra,Male,Ahmedabad,2024-12-21
406,Diya Nair,Female,Jaipur,2025-06-04
407,Aditya Shah,Female,Chennai,2024-07-02
408,Aarav Bhosale,Female,Mumbai,2026-02-14
409,Ishaan Kumar,Female,Kolkata,2024-01-05
410,Meera Kumar,Male,Bangalore,2025-04-04
411,Akash Sharma,Female,Mumbai,2024-10-19
412,Aarav Kulkarni,Male,Delhi,2025-02-14
413,Diya Malhotra,Female,Mumbai,2025-04-15
414,Diya Chavan,Male,Delhi,2025-08-11
415,Rahul Bhosale,Female,Chennai,2026-04-26
416,Kavya Verma,Male,Delhi,2025-05-26
417,Nikhil Joshi,Male,Mumbai,2024-07-26
418,Ayush Joshi,Male,Pune,2025-04-22
419,Aditya Mishra,Female,Kolkata,2025-04-11
420,Tanvi Gupta,Male,Delhi,2026-02-26
421,Karan Reddy,Female,Delhi,2025-05-31
422,Vikas Sharma,Male,Chennai,2026-03-01
423,Rohan Shah,Female,Kolkata,2025-08-14
424,Pooja Patil,Female,Bangalore,2025-06-04
425,Vivek Shah,Male,Hyderabad,2024-10-26
426,Aditya Malhotra,Female,Mumbai,2024-08-21
427,Riya Iyer,Female,Jaipur,2024-03-31
428,Tanvi Mehta,Female,Bangalore,2025-05-14
429,Anjali Mishra,Male,Hyderabad,2026-04-19
430,Nikhil Gupta,Female,Pune,2024-01-12
431,Ayush Iyer,Male,Hyderabad,2026-05-17
432,Pooja Bhosale,Male,Delhi,2026-02-21
433,Ayush Kumar,Male,Delhi,2025-02-03
434,Priya Sharma,Female,Hyderabad,2024-10-12
435,Sameer Jain,Female,Chennai,2025-06-12
436,Ishaan Mishra,Male,Mumbai,2026-02-18
437,Karan Gupta,Male,Ahmedabad,2025-02-13
438,Priya Verma,Male,Mumbai,2024-02-13
439,Sahil Mishra,Female,Bangalore,2025-08-09
440,Meera Gupta,Female,Pune,2024-03-10
441,Sahil Nair,Female,Mumbai,2024-10-15
442,Diya Sharma,Female,Ahmedabad,2025-11-03
443,Sameer Mehta,Female,Pune,2025-11-16
444,Yash Verma,Male,Ahmedabad,2024-07-26
445,Pooja Jain,Male,Mumbai,2025-04-12
446,Sneha Bhosale,Male,Hyderabad,2024-06-17
447,Priya Iyer,Female,Pune,2025-06-23
448,Meera Iyer,Female,Hyderabad,2024-01-08
449,Anjali Malhotra,Male,Ahmedabad,2026-01-11
450,Rohan Mehta,Male,Bangalore,2024-01-21
451,Diya Kumar,Male,Delhi,2025-07-08
452,Meera Reddy,Female,Chennai,2025-01-04
453,Riya Pawar,Male,Hyderabad,2024-07-22
454,Meera Malhotra,Female,Pune,2025-05-08
455,Aarav Gupta,Male,Hyderabad,2024-05-09
456,Kavya Iyer,Female,Hyderabad,2025-06-11
457,Vikas Mishra,Female,Chennai,2025-08-10
458,Sahil Pawar,Male,Mumbai,2025-02-21
459,Aarav Verma,Female,Delhi,2024-11-25
460,Vivek Patil,Male,Jaipur,2025-02-22
461,Ayush Patil,Female,Bangalore,2026-05-21
462,Nikhil Patil,Male,Bangalore,2025-11-17
463,Anjali Sharma,Female,Nagpur,2024-01-06
464,Aisha Gupta,Male,Mumbai,2024-09-20
465,Varun Malhotra,Female,Delhi,2024-01-23
466,Ishaan Nair,Male,Chennai,2024-08-04
467,Ayush Pawar,Female,Hyderabad,2025-12-10
468,Diya Deshmukh,Male,Jaipur,2026-02-17
469,Kavya Mehta,Male,Hyderabad,2025-02-20
470,Ishaan Joshi,Female,Mumbai,2024-12-03
471,Amit Joshi,Male,Delhi,2025-03-10
472,Aditya Pawar,Male,Pune,2026-01-25
473,Ananya Gupta,Female,Jaipur,2024-09-07
474,Karan Jain,Male,Pune,2024-10-17
475,Meera Sharma,Female,Bangalore,2024-05-04
476,Rahul Kumar,Male,Delhi,2024-07-17
477,Akash Pawar,Female,Pune,2024-02-04
478,Ishaan Reddy,Female,Mumbai,2026-01-13
479,Varun Patil,Male,Hyderabad,2026-02-15
480,Varun Mishra,Male,Pune,2025-01-18
481,Neha Patil,Female,Jaipur,2025-06-24
482,Tanvi Chavan,Female,Ahmedabad,2024-08-14
483,Ananya Chavan,Male,Pune,2024-02-11
484,Anjali Joshi,Male,Ahmedabad,2025-04-14
485,Tanvi Mishra,Male,Mumbai,2024-05-24
486,Zoya Patil,Female,Pune,2026-02-11
487,Riya Mishra,Female,Mumbai,2024-09-11
488,Vivek Reddy,Male,Kolkata,2025-11-02
489,Zoya Sharma,Male,Hyderabad,2024-08-27
490,Vivek Reddy,Female,Mumbai,2024-04-25
491,Ishaan Jain,Female,Hyderabad,2025-05-14
492,Anjali Kulkarni,Male,Hyderabad,2024-06-16
493,Priya Malhotra,Male,Chennai,2024-12-29
494,Aditya Kumar,Male,Bangalore,2024-09-24
495,Amit Kulkarni,Female,Kolkata,2026-03-14
496,Anjali Verma,Male,Hyderabad,2025-04-03
497,Priya Deshmukh,Male,Pune,2025-10-17
498,Akash Gupta,Female,Kolkata,2025-06-20
499,Anjali Pawar,Male,Mumbai,2026-04-09
500,Sahil Chavan,Male,Hyderabad,2025-02-04
501,Sneha Iyer,Male,Hyderabad,2026-02-25
502,Ananya Patil,Male,Mumbai,2026-03-29
503,Karan Bhosale,Male,Pune,2026-04-19
504,Neha Bhosale,Male,Hyderabad,2025-09-25
505,Riya Sharma,Male,Kolkata,2026-06-11
506,Anjali Jain,Male,Kolkata,2025-11-09
507,Sameer Kulkarni,Female,Hyderabad,2024-10-10
508,Meera Kulkarni,Female,Mumbai,2024-05-23
509,Ananya Deshmukh,Male,Mumbai,2024-07-10
510,Aditya Mehta,Female,Chennai,2025-06-06
511,Akash Shah,Male,Delhi,2024-05-30
512,Priya Gupta,Female,Chennai,2024-08-04
513,Rahul Pawar,Female,Mumbai,2025-07-26
514,Sahil Kumar,Female,Pune,2024-10-30
515,Tanvi Singh,Female,Bangalore,2025-09-12
516,Ananya Kumar,Male,Bangalore,2026-06-27
517,Sameer Patil,Male,Hyderabad,2024-03-21
518,Sahil Sharma,Male,Mumbai,2025-08-07
519,Ananya Malhotra,Male,Kolkata,2026-01-17
520,Amit Shah,Female,Delhi,2024-05-07
521,Rohan Sharma,Male,Chennai,2025-12-14
522,Vikas Verma,Male,Bangalore,2025-04-07
523,Aisha Mehta,Female,Delhi,2025-07-26
524,Akash Mehta,Female,Hyderabad,2024-02-16
525,Rahul Deshmukh,Female,Bangalore,2025-01-31
526,Aisha Joshi,Male,Bangalore,2024-11-30
527,Amit Mehta,Female,Hyderabad,2024-05-19
528,Karan Mishra,Male,Pune,2025-11-25
529,Rahul Chavan,Female,Ahmedabad,2025-04-05
530,Sneha Mehta,Male,Mumbai,2026-03-10
531,Arjun Verma,Male,Mumbai,2024-05-25
532,Meera Bhosale,Female,Chennai,2025-10-27
533,Neha Chavan,Male,Mumbai,2025-07-05
534,Sameer Sharma,Male,Nagpur,2025-08-16
535,Pooja Kumar,Male,Delhi,2024-10-09
536,Kavya Sharma,Female,Mumbai,2025-09-21
537,Karan Patil,Female,Pune,2024-08-13
538,Aditya Bhosale,Male,Pune,2025-11-25
539,Kavya Malhotra,Female,Pune,2025-02-05
540,Sneha Kumar,Male,Pune,2025-03-12
541,Yash Nair,Female,Mumbai,2025-06-13
542,Vikas Malhotra,Male,Mumbai,2024-03-17
543,Meera Patil,Male,Delhi,2024-11-30
544,Zoya Joshi,Male,Mumbai,2024-07-04
545,Karan Iyer,Female,Pune,2026-05-27
546,Riya Verma,Male,Pune,2025-01-19
547,Rohan Jain,Male,Pune,2024-01-06
548,Zoya Reddy,Female,Mumbai,2024-01-24
549,Vivek Reddy,Male,Pune,2026-04-11
550,Aarav Pawar,Male,Delhi,2024-05-22
551,Akash Joshi,Male,Jaipur,2024-01-01
552,Tanvi Nair,Male,Mumbai,2024-07-12
553,Neha Jain,Male,Pune,2024-07-16
554,Ananya Sharma,Male,Hyderabad,2026-06-26
555,Nikhil Bhosale,Male,Delhi,2024-02-23
556,Riya Jain,Male,Pune,2025-10-25
557,Sahil Verma,Female,Chennai,2026-02-01
558,Varun Shah,Male,Hyderabad,2025-08-10
559,Diya Patil,Female,Nagpur,2024-04-30
560,Ananya Singh,Male,Jaipur,2025-10-23
561,Ananya Nair,Male,Bangalore,2024-10-27
562,Sameer Singh,Male,Hyderabad,2025-01-06
563,Anjali Reddy,Male,Delhi,2024-08-17
564,Ayush Mishra,Female,Ahmedabad,2025-12-15
565,Zoya Bhosale,Male,Bangalore,2025-06-12
566,Pooja Mehta,Female,Mumbai,2024-05-21
567,Diya Jain,Female,Pune,2025-01-06
568,Kavya Shah,Male,Bangalore,2025-12-24
569,Rohan Bhosale,Female,Bangalore,2026-05-04
570,Rahul Kumar,Male,Kolkata,2026-05-05
571,Ishaan Kumar,Male,Pune,2024-05-02
572,Diya Patil,Male,Kolkata,2026-02-20
573,Priya Bhosale,Female,Pune,2025-05-30
574,Sneha Verma,Female,Bangalore,2025-11-04
575,Ayush Nair,Female,Delhi,2024-12-17
576,Ishaan Patil,Female,Mumbai,2025-08-16
577,Neha Kumar,Male,Delhi,2024-08-23
578,Priya Pawar,Female,Mumbai,2025-04-19
579,Arjun Joshi,Female,Pune,2024-07-24
580,Vikas Singh,Female,Kolkata,2024-12-26
581,Ishaan Shah,Male,Mumbai,2025-01-06
582,Yash Deshmukh,Female,Chennai,2026-02-27
583,Ayush Reddy,Male,Hyderabad,2025-07-26
584,Tanvi Kulkarni,Female,Pune,2025-08-12
585,Aditya Sharma,Female,Ahmedabad,2024-09-15
586,Rahul Kumar,Female,Chennai,2025-01-31
587,Aisha Jain,Male,Chennai,2025-03-06
588,Vikas Gupta,Male,Kolkata,2025-12-15
589,Aarav Joshi,Female,Bangalore,2024-06-18
590,Akash Reddy,Female,Nagpur,2024-02-19
591,Anjali Iyer,Female,Pune,2025-04-05
592,Priya Singh,Female,Pune,2026-01-10
593,Priya Sharma,Male,Hyderabad,2025-10-30
594,Pooja Mishra,Female,Mumbai,2026-01-08
595,Ananya Iyer,Male,Bangalore,2024-12-24
596,Riya Mehta,Male,Delhi,2024-07-27
597,Aditya Verma,Male,Mumbai,2025-08-24
598,Amit Deshmukh,Male,Ahmedabad,2024-02-04
599,Vikas Deshmukh,Male,Pune,2026-03-26
600,Arjun Kulkarni,Female,Pune,2025-10-12
601,Diya Deshmukh,Male,Hyderabad,2025-04-04
602,Aisha Bhosale,Female,Chennai,2024-07-01
603,Amit Mishra,Male,Kolkata,2024-08-16
604,Sahil Joshi,Female,Mumbai,2026-06-26
605,Rahul Gupta,Male,Ahmedabad,2024-01-14
606,Sahil Jain,Female,Bangalore,2024-01-09
607,Rohan Deshmukh,Female,Kolkata,2024-11-12
608,Karan Chavan,Male,Pune,2024-07-28
609,Karan Deshmukh,Male,Mumbai,2025-09-08
610,Tanvi Pawar,Male,Bangalore,2024-02-08
611,Arjun Deshmukh,Male,Bangalore,2025-12-16
612,Nikhil Chavan,Male,Pune,2025-12-13
613,Aditya Jain,Male,Bangalore,2024-07-28
614,Rahul Singh,Female,Hyderabad,2025-06-11
615,Priya Shah,Male,Delhi,2025-09-03
616,Anjali Chavan,Male,Bangalore,2026-02-11
617,Anjali Nair,Male,Mumbai,2025-10-29
618,Aditya Kulkarni,Male,Ahmedabad,2026-05-26
619,Vikas Kulkarni,Male,Bangalore,2024-04-15
620,Diya Verma,Female,Bangalore,2025-07-09
621,Sneha Bhosale,Female,Jaipur,2025-12-05
622,Vivek Mehta,Male,Hyderabad,2024-07-30
623,Rohan Joshi,Male,Mumbai,2024-07-17
624,Sahil Iyer,Male,Hyderabad,2024-03-25
625,Akash Kulkarni,Female,Jaipur,2026-06-17
626,Riya Joshi,Male,Pune,2026-02-28
627,Sneha Kulkarni,Female,Hyderabad,2024-04-20
628,Pooja Patil,Female,Pune,2024-08-11
629,Ayush Jain,Female,Kolkata,2025-02-21
630,Ayush Joshi,Male,Hyderabad,2026-03-24
631,Aditya Nair,Female,Jaipur,2026-01-22
632,Neha Nair,Male,Hyderabad,2026-03-11
633,Yash Jain,Male,Pune,2026-01-24
634,Priya Kumar,Female,Bangalore,2025-07-25
635,Ayush Joshi,Female,Ahmedabad,2024-09-22
636,Anjali Singh,Male,Mumbai,2025-07-04
637,Yash Kulkarni,Male,Pune,2025-03-26
638,Ayush Reddy,Male,Hyderabad,2026-05-16
639,Riya Nair,Female,Bangalore,2025-02-12
640,Karan Malhotra,Male,Pune,2025-11-19
641,Sneha Shah,Male,Mumbai,2024-06-07
642,Neha Kumar,Male,Mumbai,2025-09-14
643,Diya Deshmukh,Female,Hyderabad,2025-02-17
644,Nikhil Singh,Male,Delhi,2025-01-31
645,Ayush Deshmukh,Male,Delhi,2025-11-18
646,Aarav Chavan,Female,Kolkata,2025-03-16
647,Vikas Chavan,Male,Mumbai,2024-02-23
648,Sahil Gupta,Female,Hyderabad,2024-12-20
649,Karan Nair,Female,Delhi,2026-05-27
650,Arjun Bhosale,Male,Delhi,2026-05-12
651,Riya Sharma,Female,Bangalore,2025-07-13
652,Sneha Reddy,Female,Hyderabad,2025-08-04
653,Zoya Reddy,Male,Jaipur,2024-08-27
654,Zoya Kulkarni,Male,Mumbai,2025-12-11
655,Amit Verma,Female,Pune,2025-06-30
656,Meera Mishra,Male,Delhi,2024-02-03
657,Rahul Joshi,Male,Bangalore,2026-05-14
658,Ishaan Deshmukh,Male,Mumbai,2026-02-15
659,Priya Sharma,Female,Ahmedabad,2024-03-15
660,Rohan Shah,Female,Chennai,2025-01-15
661,Aarav Kumar,Female,Delhi,2025-11-07
662,Nikhil Joshi,Male,Delhi,2025-11-02
663,Riya Gupta,Female,Pune,2024-06-01
664,Amit Bhosale,Male,Bangalore,2024-02-06
665,Zoya Joshi,Female,Bangalore,2026-06-16
666,Aarav Verma,Female,Ahmedabad,2026-03-25
667,Kavya Kumar,Male,Bangalore,2025-11-03
668,Aarav Mehta,Female,Pune,2025-08-24
669,Rohan Patil,Male,Pune,2025-09-17
670,Priya Jain,Male,Pune,2025-02-20
671,Diya Deshmukh,Female,Jaipur,2025-09-15
672,Sneha Pawar,Male,Chennai,2024-10-03
673,Rohan Patil,Female,Kolkata,2024-03-17
674,Sneha Jain,Male,Kolkata,2024-10-10
675,Yash Sharma,Male,Pune,2024-09-24
676,Ishaan Shah,Female,Hyderabad,2024-10-03
677,Rohan Reddy,Male,Hyderabad,2025-03-05
678,Aarav Iyer,Female,Mumbai,2024-04-29
679,Vivek Sharma,Female,Delhi,2025-01-06
680,Zoya Malhotra,Male,Hyderabad,2025-02-26
681,Aisha Verma,Male,Ahmedabad,2024-06-20
682,Rohan Singh,Male,Pune,2025-02-17
683,Sahil Mishra,Female,Ahmedabad,2025-09-06
684,Aditya Iyer,Male,Jaipur,2025-01-10
685,Arjun Deshmukh,Female,Jaipur,2024-01-03
686,Aarav Gupta,Female,Pune,2025-10-02
687,Amit Nair,Male,Mumbai,2025-06-11
688,Meera Kulkarni,Female,Hyderabad,2025-01-17
689,Ananya Verma,Male,Mumbai,2024-01-21
690,Rohan Iyer,Male,Pune,2024-03-22
691,Nikhil Mehta,Male,Chennai,2024-03-13
692,Neha Iyer,Female,Pune,2026-02-15
693,Aarav Shah,Male,Delhi,2024-10-08
694,Diya Mishra,Female,Jaipur,2025-01-22
695,Sahil Reddy,Male,Delhi,2025-09-26
696,Sameer Mishra,Female,Ahmedabad,2025-08-19
697,Tanvi Kumar,Female,Delhi,2024-02-28
698,Ishaan Pawar,Female,Mumbai,2026-04-27
699,Akash Patil,Male,Pune,2024-08-29
700,Sahil Pawar,Male,Mumbai,2025-11-30
701,Sameer Joshi,Male,Mumbai,2026-01-28
702,Arjun Joshi,Male,Kolkata,2025-05-05
703,Karan Joshi,Female,Ahmedabad,2024-05-27
704,Arjun Deshmukh,Male,Pune,2025-05-11
705,Yash Singh,Male,Pune,2024-08-10
706,Varun Deshmukh,Female,Hyderabad,2026-02-12
707,Varun Chavan,Male,Delhi,2025-11-18
708,Vikas Shah,Female,Mumbai,2026-01-20
709,Karan Nair,Male,Mumbai,2026-01-24
710,Sameer Malhotra,Male,Mumbai,2024-06-11
711,Sameer Sharma,Female,Bangalore,2024-01-28
712,Neha Deshmukh,Male,Pune,2025-07-24
713,Aditya Singh,Female,Chennai,2025-07-13
714,Ayush Reddy,Male,Mumbai,2026-02-27
715,Sameer Gupta,Male,Delhi,2025-08-04
716,Varun Gupta,Male,Bangalore,2026-01-01
717,Diya Mehta,Male,Mumbai,2024-11-13
718,Neha Iyer,Female,Ahmedabad,2024-04-23
719,Ishaan Kulkarni,Male,Hyderabad,2024-02-04
720,Anjali Pawar,Male,Ahmedabad,2025-01-31
721,Nikhil Kulkarni,Female,Delhi,2024-01-02
722,Riya Chavan,Male,Delhi,2025-04-17
723,Nikhil Kulkarni,Female,Mumbai,2024-12-31
724,Ayush Deshmukh,Male,Bangalore,2024-08-22
725,Arjun Singh,Female,Bangalore,2025-06-22
726,Kavya Kulkarni,Male,Delhi,2025-09-11
727,Arjun Sharma,Female,Pune,2024-02-06
728,Aisha Joshi,Male,Mumbai,2025-03-09
729,Kavya Patil,Male,Pune,2026-05-06
730,Nikhil Sharma,Male,Mumbai,2024-09-28
731,Zoya Gupta,Male,Bangalore,2025-12-12
732,Pooja Kulkarni,Female,Jaipur,2024-11-02
733,Aisha Kumar,Male,Pune,2024-09-04
734,Amit Pawar,Female,Pune,2026-02-19
735,Aarav Joshi,Male,Mumbai,2024-11-20
736,Amit Pawar,Male,Pune,2026-02-28
737,Tanvi Sharma,Male,Hyderabad,2025-08-19
738,Diya Mehta,Male,Pune,2026-01-10
739,Akash Mehta,Female,Nagpur,2026-01-12
740,Anjali Deshmukh,Male,Kolkata,2026-04-12
741,Priya Singh,Female,Delhi,2025-05-20
742,Diya Pawar,Male,Jaipur,2026-05-17
743,Vivek Malhotra,Male,Hyderabad,2024-02-24
744,Vikas Mishra,Male,Nagpur,2025-03-24
745,Ananya Shah,Female,Mumbai,2024-12-27
746,Pooja Singh,Male,Nagpur,2024-03-29
747,Aarav Patil,Female,Pune,2026-03-06
748,Diya Patil,Male,Mumbai,2025-12-29
749,Diya Kulkarni,Male,Jaipur,2025-11-13
750,Ayush Verma,Female,Delhi,2025-07-31
751,Tanvi Mishra,Female,Mumbai,2025-07-02
752,Ayush Reddy,Female,Pune,2024-12-12
753,Nikhil Deshmukh,Male,Pune,2025-09-14
754,Meera Joshi,Female,Mumbai,2026-06-07
755,Aisha Mehta,Male,Delhi,2024-08-16
756,Sneha Kumar,Female,Bangalore,2024-11-04
757,Sameer Deshmukh,Male,Kolkata,2024-04-09
758,Anjali Kumar,Female,Pune,2026-04-06
759,Ishaan Shah,Male,Kolkata,2025-04-27
760,Sahil Singh,Female,Bangalore,2025-06-23
761,Priya Mishra,Female,Chennai,2024-08-30
762,Rohan Shah,Female,Chennai,2024-02-03
763,Diya Singh,Male,Ahmedabad,2026-01-03
764,Sneha Singh,Male,Pune,2026-02-22
765,Riya Singh,Female,Bangalore,2024-11-06
766,Sameer Joshi,Female,Ahmedabad,2025-11-25
767,Ananya Reddy,Female,Hyderabad,2025-06-05
768,Pooja Deshmukh,Male,Pune,2025-08-08
769,Anjali Deshmukh,Male,Bangalore,2024-06-06
770,Ayush Singh,Male,Chennai,2025-07-13
771,Pooja Mishra,Female,Mumbai,2024-05-26
772,Ishaan Singh,Male,Hyderabad,2024-07-18
773,Kavya Verma,Male,Kolkata,2024-11-21
774,Anjali Kumar,Female,Bangalore,2024-07-14
775,Priya Singh,Male,Pune,2026-04-08
776,Neha Iyer,Female,Bangalore,2024-01-27
777,Ayush Mishra,Male,Bangalore,2026-04-03
778,Sameer Iyer,Male,Delhi,2024-05-20
779,Varun Sharma,Male,Hyderabad,2026-03-03
780,Akash Kumar,Male,Delhi,2024-11-02
781,Tanvi Patil,Female,Ahmedabad,2026-04-19
782,Neha Verma,Male,Chennai,2025-05-07
783,Yash Kumar,Male,Kolkata,2025-03-22
784,Anjali Nair,Male,Bangalore,2024-04-29
785,Diya Reddy,Female,Pune,2025-01-29
786,Vikas Verma,Female,Chennai,2025-05-22
787,Akash Kulkarni,Male,Pune,2026-06-14
788,Ananya Sharma,Male,Bangalore,2024-08-27
789,Vivek Chavan,Male,Pune,2024-03-16
790,Tanvi Gupta,Female,Bangalore,2024-08-19
791,Aditya Reddy,Male,Hyderabad,2024-08-09
792,Priya Iyer,Male,Delhi,2026-05-13
793,Aisha Joshi,Female,Delhi,2024-05-16
794,Diya Verma,Male,Pune,2026-06-23
795,Aarav Verma,Female,Mumbai,2024-04-13
796,Rohan Shah,Male,Delhi,2026-01-09
797,Aarav Verma,Female,Ahmedabad,2025-01-12
798,Ananya Sharma,Male,Ahmedabad,2024-02-19
799,Priya Singh,Male,Jaipur,2025-07-13
800,Karan Sharma,Male,Pune,2025-10-25
801,Aisha Verma,Male,Mumbai,2026-02-03
802,Tanvi Iyer,Female,Delhi,2024-06-11
803,Tanvi Malhotra,Male,Hyderabad,2025-07-16
804,Yash Mehta,Male,Hyderabad,2025-06-02
805,Aditya Kulkarni,Female,Chennai,2025-02-07
806,Varun Nair,Male,Delhi,2026-03-25
807,Vikas Deshmukh,Female,Bangalore,2025-01-20
808,Priya Malhotra,Female,Jaipur,2024-12-12
809,Sahil Iyer,Male,Mumbai,2025-04-23
810,Rohan Chavan,Female,Kolkata,2026-04-26
811,Aditya Iyer,Female,Hyderabad,2026-03-01
812,Ananya Patil,Female,Pune,2025-10-07
813,Zoya Nair,Male,Jaipur,2024-03-14
814,Arjun Mehta,Male,Kolkata,2024-10-01
815,Aditya Patil,Female,Chennai,2024-01-14
816,Karan Chavan,Female,Pune,2024-03-27
817,Riya Singh,Male,Pune,2026-01-27
818,Diya Iyer,Male,Hyderabad,2026-01-12
819,Aisha Gupta,Female,Pune,2024-04-03
820,Pooja Reddy,Female,Pune,2025-02-21
821,Rahul Singh,Female,Delhi,2024-09-11
822,Rahul Pawar,Female,Pune,2024-03-07
823,Karan Shah,Male,Chennai,2024-12-13
824,Nikhil Chavan,Female,Bangalore,2024-04-03
825,Ayush Sharma,Male,Pune,2025-11-01
826,Ananya Sharma,Male,Bangalore,2026-05-30
827,Ananya Deshmukh,Male,Pune,2025-01-19
828,Aarav Pawar,Female,Pune,2024-08-09
829,Karan Deshmukh,Male,Delhi,2025-03-31
830,Pooja Reddy,Male,Delhi,2026-05-30
831,Sahil Nair,Male,Mumbai,2024-05-25
832,Kavya Shah,Male,Hyderabad,2025-09-12
833,Rahul Sharma,Male,Delhi,2024-03-25
834,Kavya Kumar,Male,Bangalore,2024-09-30
835,Pooja Mehta,Male,Mumbai,2025-02-04
836,Neha Sharma,Male,Hyderabad,2024-12-15
837,Rohan Deshmukh,Female,Bangalore,2024-06-11
838,Varun Mehta,Female,Pune,2025-12-08
839,Aditya Nair,Female,Hyderabad,2025-09-05
840,Zoya Kumar,Male,Chennai,2025-01-31
841,Ishaan Mehta,Male,Pune,2025-01-16
842,Rohan Reddy,Male,Bangalore,2024-03-09
843,Riya Mehta,Female,Chennai,2025-08-24
844,Yash Verma,Male,Pune,2024-07-28
845,Sameer Verma,Male,Ahmedabad,2024-10-01
846,Yash Verma,Female,Delhi,2026-02-22
847,Anjali Mishra,Female,Chennai,2025-08-08
848,Pooja Kumar,Male,Ahmedabad,2025-09-26
849,Neha Verma,Female,Nagpur,2024-08-29
850,Aditya Malhotra,Male,Bangalore,2025-04-01
851,Sameer Nair,Male,Hyderabad,2024-01-13
852,Sneha Pawar,Male,Mumbai,2024-08-11
853,Ananya Pawar,Female,Mumbai,2025-12-29
854,Ishaan Jain,Male,Kolkata,2025-03-08
855,Nikhil Singh,Female,Delhi,2025-08-01
856,Tanvi Mehta,Male,Kolkata,2025-12-19
857,Ananya Mehta,Female,Pune,2026-05-03
858,Amit Shah,Female,Mumbai,2024-03-15
859,Aisha Nair,Female,Pune,2025-06-13
860,Amit Singh,Female,Bangalore,2026-06-25
861,Rahul Singh,Female,Pune,2024-07-01
862,Kavya Kumar,Female,Mumbai,2026-02-22
863,Rahul Jain,Male,Nagpur,2025-06-12
864,Aditya Chavan,Female,Chennai,2024-10-16
865,Arjun Patil,Male,Chennai,2025-12-14
866,Vikas Singh,Male,Pune,2026-03-04
867,Diya Kulkarni,Male,Delhi,2024-05-09
868,Zoya Chavan,Male,Hyderabad,2025-09-13
869,Nikhil Reddy,Female,Pune,2026-05-03
870,Vivek Pawar,Male,Delhi,2025-08-30
871,Sneha Patil,Male,Jaipur,2025-05-13
872,Neha Mehta,Female,Pune,2024-05-07
873,Kavya Iyer,Female,Ahmedabad,2025-02-14
874,Aisha Iyer,Male,Pune,2026-04-05
875,Pooja Nair,Female,Pune,2025-12-29
876,Vikas Malhotra,Male,Pune,2025-02-14
877,Anjali Malhotra,Male,Jaipur,2024-10-08
878,Rahul Shah,Female,Bangalore,2026-01-01
879,Nikhil Deshmukh,Female,Chennai,2026-05-31
880,Ayush Shah,Female,Delhi,2024-09-29
881,Vikas Malhotra,Male,Ahmedabad,2026-01-08
882,Sameer Jain,Male,Bangalore,2024-10-07
883,Neha Bhosale,Male,Bangalore,2026-01-23
884,Sahil Joshi,Female,Chennai,2026-05-28
885,Pooja Mishra,Male,Chennai,2025-08-27
886,Zoya Kulkarni,Male,Hyderabad,2025-03-28
887,Zoya Mehta,Male,Pune,2024-10-13
888,Yash Patil,Female,Ahmedabad,2024-02-17
889,Sahil Mehta,Male,Mumbai,2026-01-31
890,Akash Reddy,Female,Nagpur,2025-08-25
891,Aisha Jain,Male,Delhi,2024-07-26
892,Arjun Nair,Male,Pune,2025-05-17
893,Vikas Shah,Male,Mumbai,2026-03-11
894,Ananya Kulkarni,Male,Bangalore,2025-08-13
895,Sahil Chavan,Female,Delhi,2026-04-14
896,Ayush Shah,Female,Kolkata,2024-04-17
897,Amit Mishra,Male,Hyderabad,2025-08-30
898,Yash Deshmukh,Male,Mumbai,2025-06-14
899,Diya Jain,Male,Bangalore,2025-09-18
900,Varun Gupta,Female,Chennai,2026-06-13
901,Neha Chavan,Female,Ahmedabad,2024-04-09
902,Zoya Pawar,Female,Delhi,2026-04-28
903,Arjun Malhotra,Male,Jaipur,2024-02-25
904,Yash Jain,Male,Pune,2025-04-23
905,Ayush Shah,Female,Hyderabad,2026-01-27
906,Kavya Malhotra,Male,Chennai,2025-09-11
907,Aisha Joshi,Female,Delhi,2024-07-21
908,Aarav Jain,Female,Pune,2025-07-04
909,Rahul Joshi,Female,Hyderabad,2026-04-01
910,Rahul Mehta,Female,Mumbai,2024-07-04
911,Nikhil Jain,Male,Pune,2026-05-04
912,Rohan Reddy,Female,Pune,2025-08-17
913,Ishaan Gupta,Male,Chennai,2024-03-20
914,Zoya Mehta,Female,Pune,2024-10-30
915,Karan Nair,Male,Delhi,2026-02-24
916,Sneha Pawar,Female,Nagpur,2024-11-03
917,Akash Jain,Female,Chennai,2026-05-12
918,Sneha Gupta,Male,Bangalore,2025-01-17
919,Nikhil Chavan,Male,Bangalore,2024-11-08
920,Varun Jain,Male,Pune,2026-02-15
921,Ishaan Iyer,Female,Delhi,2025-12-16
922,Zoya Jain,Female,Pune,2024-08-05
923,Varun Patil,Male,Pune,2025-12-12
924,Aditya Shah,Female,Pune,2024-08-16
925,Arjun Shah,Female,Bangalore,2026-03-26
926,Nikhil Singh,Female,Pune,2024-01-07
927,Ayush Iyer,Female,Pune,2025-08-26
928,Sahil Verma,Female,Ahmedabad,2024-05-21
929,Ayush Patil,Female,Pune,2025-09-08
930,Meera Pawar,Male,Hyderabad,2026-06-10
931,Riya Mehta,Female,Delhi,2025-08-31
932,Nikhil Reddy,Male,Bangalore,2025-01-30
933,Rahul Joshi,Female,Pune,2026-01-20
934,Ananya Nair,Female,Pune,2024-06-26
935,Ayush Mishra,Female,Kolkata,2025-05-09
936,Varun Verma,Male,Delhi,2026-05-29
937,Sneha Reddy,Male,Pune,2024-11-20
938,Rahul Chavan,Male,Mumbai,2024-01-25
939,Zoya Verma,Female,Bangalore,2025-02-06
940,Priya Gupta,Female,Pune,2025-03-17
941,Rahul Mishra,Male,Bangalore,2026-01-09
942,Vikas Pawar,Male,Bangalore,2026-01-02
943,Neha Jain,Female,Bangalore,2024-11-05
944,Yash Kumar,Male,Kolkata,2025-12-05
945,Neha Joshi,Male,Delhi,2024-05-10
946,Aarav Mehta,Male,Ahmedabad,2024-06-21
947,Zoya Bhosale,Female,Delhi,2025-07-04
948,Ananya Shah,Female,Delhi,2025-10-06
949,Priya Verma,Female,Hyderabad,2025-07-20
950,Priya Chavan,Male,Bangalore,2024-04-26
951,Priya Verma,Male,Pune,2025-09-07
952,Sahil Deshmukh,Female,Nagpur,2025-01-26
953,Priya Bhosale,Female,Jaipur,2024-08-30
954,Aarav Verma,Male,Mumbai,2024-11-04
955,Rohan Iyer,Female,Bangalore,2026-01-08
956,Tanvi Nair,Female,Chennai,2024-06-10
957,Amit Verma,Female,Jaipur,2025-05-24
958,Kavya Shah,Male,Bangalore,2024-03-16
959,Priya Pawar,Male,Pune,2025-10-22
960,Vivek Bhosale,Male,Hyderabad,2024-05-16
961,Priya Shah,Female,Pune,2026-05-05
962,Aditya Chavan,Female,Hyderabad,2026-03-14
963,Riya Bhosale,Male,Bangalore,2026-02-18
964,Amit Kulkarni,Male,Hyderabad,2024-11-13
965,Rohan Pawar,Male,Pune,2025-12-13
966,Kavya Kulkarni,Female,Delhi,2024-05-02
967,Rohan Pawar,Female,Bangalore,2024-09-20
968,Arjun Shah,Male,Mumbai,2024-04-30
969,Diya Kumar,Female,Pune,2024-02-19
970,Ishaan Shah,Male,Mumbai,2024-11-30
971,Aditya Joshi,Female,Kolkata,2025-06-07
972,Neha Kulkarni,Female,Delhi,2026-02-24
973,Sameer Iyer,Male,Hyderabad,2024-02-01
974,Nikhil Mehta,Female,Bangalore,2025-01-05
975,Pooja Chavan,Female,Kolkata,2025-10-12
976,Vikas Bhosale,Female,Bangalore,2024-07-02
977,Akash Shah,Female,Pune,2025-11-02
978,Karan Iyer,Male,Pune,2025-06-03
979,Vivek Shah,Male,Pune,2025-05-27
980,Anjali Singh,Female,Kolkata,2024-04-23
981,Meera Kulkarni,Male,Hyderabad,2024-06-02
982,Sahil Patil,Female,Chennai,2026-03-10
983,Sneha Kumar,Male,Hyderabad,2026-03-08
984,Anjali Kulkarni,Female,Kolkata,2025-02-16
985,Kavya Bhosale,Male,Nagpur,2025-06-26
986,Anjali Singh,Male,Hyderabad,2025-05-08
987,Amit Shah,Male,Mumbai,2025-04-14
988,Rahul Verma,Female,Pune,2025-10-10
989,Neha Shah,Female,Bangalore,2025-06-01
990,Ayush Iyer,Male,Chennai,2024-04-24
991,Priya Jain,Male,Bangalore,2024-03-16
992,Aarav Mehta,Female,Mumbai,2026-02-13
993,Amit Singh,Female,Hyderabad,2025-11-05
994,Tanvi Kumar,Male,Delhi,2024-06-30
995,Aisha Pawar,Female,Mumbai,2024-02-25
996,Ayush Iyer,Male,Kolkata,2024-07-18
997,Rohan Singh,Male,Bangalore,2025-06-10
998,Zoya Jain,Male,Mumbai,2025-06-15
999,Aisha Malhotra,Female,Jaipur,2024-06-03
1000,Riya Gupta,Male,Mumbai,2024-06-09
